date,Appliances,lights,T1,RH_1,T2,RH_2,T3,RH_3,T4,RH_4,T5,RH_5,T6,RH_6,T7,RH_7,T8,RH_8,T9,RH_9,T_out,Press_mm_hg,RH_out,Windspeed,Visibility,Tdewpoint,rv1,rv2
2016-01-11 17:00:00,64.96714153011233,22.92314628974793,20.715574720696566,42.82034572571307,23.379605866435345,45.11677442115666,19.579549713792826,42.051396404820075,15.31825153733671,49.4473202229141,18.107132770898943,48.71783566592202,20.748983024107446,48.05992549775158,20.267081809564566,42.546706220460514,19.131019291263087,49.06254580521036,20.96946563458895,40.96534470195441,7.094046489839333,724.0303749680047,71.78062177962994,2.3614090208149086,5.736515221394852,8.778891061219658,1.0007063158628176,0.9563235762761783
2016-01-11 17:10:00,58.61735698828815,27.896773386173205,21.12156905273647,41.77439543779723,17.383403429289697,45.32113485265316,23.15080159729088,41.906877206636665,16.440846066528596,44.674015112498694,19.388179985796615,42.192139873580444,19.03946542769398,45.50226542156262,19.695060327238913,48.40871579425922,14.478474481688364,42.49546199849506,18.307286690018252,42.41893828258839,19.475191570380577,730.7147154738185,68.28345909066792,4.400783689607425,5.039207953859584,12.058955370870102,0.9339678860526552,0.839342289926132
2016-01-11 17:20:00,66.47688538100692,28.286427417366152,22.166102486350553,47.50614751640858,17.32055631563845,41.07172011339776,20.742249406863383,40.36549667848095,17.75036284460864,46.13411389210708,21.147263499719543,49.758652558191315,20.994030329578955,40.43412532854819,21.41621735337718,40.38426348962325,19.506683242209064,42.71949726128631,18.712900335365077,40.12404036277315,12.584694741582803,738.6625749974255,42.00904045855895,1.0787033958822705,8.154608951145818,10.317683359345702,1.0698828420202535,1.174958390420542
2016-01-11 17:30:00,75.23029856408026,25.988613653891903,22.107604104069807,48.06834739267264,17.801214709111957,44.47412366823455,18.347952935664317,44.720669451099994,19.052182100421668,41.67033946092075,16.94696940117788,43.36895791771107,9.311233865418933,46.33151375594022,21.913404633589167,49.01761992135424,18.762316769765555,47.59398262417964,22.059921635162322,44.68767965464506,15.733965059927748,741.1565007309632,42.91607341471614,3.389066001550221,7.238367127052092,11.753238941417452,1.042097294438939,1.1381454078690487
2016-01-11 17:40:00,57.658466252766644,29.193571441669953,17.244661264085817,49.905051420006735,14.752208551380386,45.32617266455023,21.40242784432789,45.64841133262617,20.035318040938247,49.911686261369766,19.265939348293752,41.82117915688699,24.265124114342182,49.51403342206657,18.428021078984102,44.61477464624734,20.57950550816549,44.4973984245054,19.33044933578692,43.0126526076,23.061103141277123,733.1902555072038,56.11493130530548,3.038760611263613,5.671374254511377,15.929321753546457,1.04920188479928,0.8707737304894381
2016-01-11 17:50:00,57.6586304305082,32.02025428407269,18.124349920169756,44.12617676911427,17.94848995663848,42.4247050363473,18.183849253956897,40.657086394283525,17.548512373693068,42.316717013834435,17.599758370121652,47.896985071424794,17.58123111553448,46.016118201463314,17.337534092884443,46.372014768082806,19.346362702539917,47.76710556955181,19.192703073516007,45.98357484297759,19.48419657932766,732.5042223747223,51.81161976191773,1.476507387859164,9.789670605283852,5.307275164866846,0.947396515733242,1.0689707805245194
2016-01-11 18:00:00,75.79212815507391,39.43092950605265,21.03007053441732,43.72018085792783,17.481734676892604,42.69243230949381,14.923750929644292,47.755276166950104,19.373533528954155,49.42731774135126,21.390093257849685,46.587077755008764,21.32454845021255,48.1918885942679,16.327589253793406,46.59353922205783,17.723088032032454,40.65366157564385,18.089754841301293,42.97237807708617,13.657346760470839,720.9947113292363,49.29537292224191,0.6830045182558631,7.6482986197280995,14.85163772490587,0.7846657080128756,0.9497025229448657
2016-01-11 18:10:00,67.67434729152909,30.872889064159196,21.027571901824416,47.76412960741997,19.300787572952416,43.77284163104623,16.98382737816519,44.532888347480274,17.489234135293355,46.496466489923684,15.95362619043245,44.98195716453139,14.880282218623407,48.84206463348408,21.015982653825088,48.951177407065366,15.551403527421268,44.87571193673384,20.84719813118692,42.99919111506985,10.544038872923563,727.2866310013299,51.24017995634854,3.258198802386383,6.209466470564446,10.313067812569638,1.1097152711753695,1.026348721533106
2016-01-11 18:20:00,55.30525614065048,31.28775195361382,21.030095372612095,43.40803540253018,19.68351195155432,40.20071197777726,15.25841615794829,45.2439026932758,17.776964394016105,46.07736794878859,17.882156305456824,45.55363550937631,19.83832171518771,42.28079771948933,17.793266787652254,46.36669682167207,17.58195348542795,40.33613600183283,24.12504983848629,47.431931987316034,4.240922993353475,726.0610812404589,72.13930973187539,3.6929872906616534,7.503017855773537,7.303647855030615,0.9521162543991596,1.0294224129013494
2016-01-11 18:30:00,65.42560043585965,29.627770421169163,27.70546298130944,49.307573256035646,22.752341678431772,43.22079165583178,18.296973031917382,44.407627469382284,16.186677806303557,45.126885110165084,19.754423750129043,47.19201778272264,14.839753310479033,42.120448399082264,15.694218814095034,46.13933584760062,16.2989590915814,40.62653203455355,17.864934171491456,40.481428359783536,11.404233403787899,726.8957620087444,77.16912214527416,1.5781367188167499,8.39810166367554,6.009059122783031,0.9137224235956879,0.9765592199683678
2016-01-11 18:40:00,55.365823071875376,20.406143923504793,21.141781021386333,48.58412751843012,20.900847676372102,42.114480069965445,19.036836758379103,44.00763060875326,17.153533507778192,42.30669811717759,22.131048058468682,42.284547413312985,16.128693117912583,46.109809888509915,20.77715720906193,40.6665204056069,16.838953100390555,49.06437453344411,20.048438913345517,49.02894995191987,13.944348805861528,729.1592809070761,56.20410778110266,3.224163020111569,5.381196089867823,9.4326388276689,1.0693478911913994,0.9216234334413603
2016-01-11 18:50:00,55.34270246429743,29.867430622753915,22.271131280361196,44.28994027375018,17.846192688675195,43.274973521779145,22.352874624550566,45.59640331308218,16.29663078876733,41.76528032005508,18.868499477854023,49.963339160567415,23.74209406160036,44.11028469806705,24.985999034865582,45.18408021945204,19.177156808841218,41.39245371117595,22.824441110830858,48.52263874391181,10.06410236424408,727.6395471115144,76.24444008529989,1.9756545380575163,6.37351907523946,12.764950335773378,0.9607987360080871,0.9309458947683741
2016-01-11 19:00:00,62.41962271566034,30.301151049705133,21.908003526986406,47.508710677914976,17.203170657303286,41.19762131819251,19.653854747528325,41.552402459307125,17.048253494045333,42.20486209070175,17.889600946613605,49.74793162146783,17.42795279770996,48.3986130286672,19.987858176920213,41.501690008170414,21.33980900870281,45.324206822752174,19.84071721750857,46.678046832264066,14.343715164538477,720.1035009481211,52.85982804991528,3.5660344164130886,9.034827454419968,9.617352638867397,1.1059936384046622,0.9083808084518757
2016-01-11 19:10:00,40.86719755342202,42.316210562426434,21.302782502611596,47.54542874084682,19.983838343013012,48.90527280739895,18.56179894238227,41.81928130495271,21.10728359321568,41.864382621442545,22.76231413888118,46.50325686346937,18.65229861953917,49.00023123398011,21.676981548903285,47.374337687214854,18.78934305964596,44.11095602600707,20.904743592499468,45.932215701073844,15.38425941479384,733.7395512805876,59.05747945375167,0.9960763744702655,7.2983243520133065,14.533464790742043,1.0617005949576697,0.9168177791769555
2016-01-11 19:20:00,42.75082167486967,29.038195176094387,19.369461510719308,41.03123868835932,16.359533585958715,45.93592453554049,20.658811162366977,48.61785621013517,17.101202222336113,47.79584473566753,16.10397219916751,41.99542450929145,20.610203192066262,43.53421379302718,20.16365871709513,45.122219208126744,15.608233875929631,43.47343326258843,17.87521294370624,48.92302498139652,13.875720090959607,724.636284871301,49.04115991263999,4.451075013180872,7.732885710161474,5.646472929845324,1.0683569323200477,0.9932821709950644
2016-01-11 19:30:00,54.37712470759027,31.507736711668063,21.517938440986534,49.02552906679567,22.662917531708707,46.79102319144489,14.57772938198423,49.46115462133633,24.26476412967478,43.5012525916673,14.602388086759836,46.802282424312914,19.487045663917815,42.36870558974482,19.802220693617716,46.80227779208353,18.88920533644028,48.99833345687273,20.856614194415297,41.853301795287145,11.749987095882702,731.1962343205557,65.61904168703376,1.4370479823278988,7.164080011047346,9.963733156461837,0.8634044288799465,0.9284240010889249
2016-01-11 19:40:00,49.87168879665576,29.826441151473784,18.454349570924855,45.05252372447857,21.358880241442574,47.89171238607338,19.47122911621713,43.73309316279753,19.98663580176178,40.578426765633964,19.880028900106666,40.72198408979176,18.45125671543073,47.80525515243862,21.83815296597554,40.41672900602384,20.393262973291304,40.2182339677549,19.625711469990904,40.78969162190829,15.843273359833638,740.3704133487498,79.15924460699236,1.8389299387807645,5.219499713215026,6.242819666760643,1.1211943985386401,1.068205206571262
2016-01-11 19:50:00,63.142473325952736,24.15660981190234,19.526362786519982,48.26457466107742,18.06164869579059,44.984421989290574,20.541730387773935,42.70744673143554,19.369672247389747,49.691026301408115,17.99589155129478,40.30652502205806,19.094883007398675,42.748060355481364,19.419450911622697,40.84792016045803,16.780434191361234,46.63789686175589,21.971459991359726,42.39510169909538,17.209703247847045,725.4030770420679,64.13972384173515,0.2904597604017489,5.82874889910078,11.090895647874904,1.0261250531233856,1.1487246155335926
2016-01-11 20:00:00,50.91975924478789,35.7141140725751,19.02927290434179,43.20049601030612,15.573730941818244,40.869202880874234,16.04282750844032,46.439995432390155,17.283284439637573,48.83785884963426,16.957534365738574,42.576828885112135,25.210246755714827,48.226143185136785,20.534784628143807,47.16323388062682,17.731965666654165,49.63394434213551,22.3747721031295,47.9457827870019,9.54800461278577,717.3485623862683,54.31256336454196,0.557561061606382,7.2277081937094545,12.6606621702919,0.9630722860753796,0.9419946758629957
2016-01-11 20:10:00,45.87696298664709,33.75966516343387,20.163748278772644,48.95523228496201,21.707744748330825,45.37106541818548,21.287508086413858,44.087341710980965,20.40061975881798,49.277522831952126,20.416712894598707,44.62622956739316,17.827143608899245,44.23738253648763,20.643395612392027,40.72084335998673,18.029376389458395,45.60168183461842,25.17912728403723,40.346702667264836,22.05466189873135,728.5699788905995,65.91269783962113,2.5793095135616406,6.045927327039639,8.73771461895684,1.0143388467342251,1.0239404500535376
2016-01-11 20:20:00,74.65648768921554,33.95515973521523,24.629317133347016,43.89201678734163,18.770920309494763,45.86841118020879,19.67699281498883,40.25386355660345,17.848724347524453,49.94907822646435,19.487601427542398,48.682725054083804,18.603297140144903,46.675498992914704,18.6638190927139,40.71256727765259,16.43020337383552,49.36822462033092,21.159266346427152,45.8280683508349,14.507059338578692,735.5047981749929,44.9168271386155,1.3379633836398575,5.249895143298394,2.1873584301185973,0.822376476710168,1.0499685110302934
2016-01-11 20:30:00,57.74223699513465,25.453062726026303,16.265469614816503,40.108376514802984,21.47563262394692,47.4543947418433,18.169424172198397,41.5615259736619,19.244019629290722,41.738952492194876,17.871842738526542,47.27169069766308,21.151963188022837,40.95535313834668,21.984084699073044,40.12108475234888,19.296560867687717,40.52257879286024,20.651592633164334,49.9543751619131,15.094248114724238,739.791737271103,75.54636321061594,4.177401128710972,9.218248320259118,10.596844440389484,1.0408652811480672,1.0472002270919274
2016-01-11 20:40:00,60.67528204687924,37.013971554680495,21.372520380749027,49.05381976419264,15.811144682411266,44.316595462296796,20.26556373221257,47.15972228847397,24.12016907653759,43.96242018902659,16.43939120265821,47.42706521199981,21.31657779887395,46.23859324676573,19.650080486609184,49.5650139829948,17.758103702784435,44.18793319074162,20.388768603154674,48.5569609383754,18.541072116282784,723.8522520277379,60.123358031193455,0.07346694327476921,9.90596264582058,11.310215655200528,0.8970628491817928,1.0075955267916088
2016-01-11 20:50:00,45.75251813786544,22.990744686038596,16.774568257620697,40.91286676786134,17.801249954092455,41.27580302795564,23.54138571560879,46.58923941910152,18.8078802005507,47.58238475704091,20.74491465656029,44.254933344480754,21.56109091668114,44.517676787372295,18.48850968101431,47.375083594590066,18.839064887814054,42.60157790962051,19.293667414378625,45.2144568904359,16.166080656317508,732.4834961161827,57.97398968158568,1.8954702433596808,8.965714369983697,11.212884264885092,0.8647329714156465,1.0742682418359721
2016-01-11 21:00:00,54.556172754748175,32.93428546900135,19.056136268421135,43.193136375904146,19.010487399436368,42.83775905798724,19.36373251011699,40.27095992503484,21.298546652571353,46.960206180537924,20.30040235591732,43.45934992546963,19.916190666087555,45.86608463175474,21.073019687140807,43.532514085020644,16.2250156443958,47.308209649807296,20.676967686923383,40.63640909286642,19.765683169566223,727.6734477160998,63.434591538140765,1.6867277338454634,9.268924608523335,13.707346575466463,0.8477640813782109,1.0482248952680657
2016-01-11 21:10:00,61.10922589709866,40.952278129049894,22.177901193934733,49.50061967050805,19.093961187529484,43.630822963986354,19.496441172600672,42.21972161932949,17.593647149748225,41.53895906339855,18.801648272441234,43.710387629846025,14.570985261808548,41.680142077448636,18.203064036417924,42.96535581287655,17.12508339935318,49.81297090497247,19.409197179721943,48.3137351438571,16.43562082600912,729.4702582284793,64.9913545115761,0.09663815458800518,6.2098856515852265,6.786838961052854,1.1112688374989925,0.8762337577672702
2016-01-11 21:20:00,48.490064225776976,25.04731837434656,20.128560038190926,49.50607146937556,18.099869057041513,46.45917241331601,18.081278200919513,42.310747965880715,18.930023019006075,48.158331249906176,22.69327399209533,49.87649563736058,22.900294596903287,47.368737449441824,20.056362314738255,43.497032297458496,19.444762715655543,42.56530062444248,20.336921952539228,45.989785081772105,11.93781312679781,743.2217167350851,42.87103224906052,0.6218419950025511,9.803134877565999,12.040648316351348,0.9370736606307212,1.0869156064389274
2016-01-11 21:30:00,63.75698018345672,27.16851135198614,17.844510444141388,45.734378881232864,20.245699864695,45.707783046689116,17.300311261070416,46.71892743598728,22.54160127127102,42.24440571836661,16.859830467347695,40.40109191412483,14.560963820943936,48.62797077543229,19.981762006711595,47.74653531181182,17.254333695816467,46.541746014740745,22.635195071215918,41.149329970595666,16.80751762603051,722.4851483580243,67.3046888489361,2.068213374593176,5.984628522267142,13.577522537433925,1.15337277099165,1.0887290837266743
2016-01-11 21:40:00,53.99361310081195,30.498256825438204,18.569392581480063,46.31837212169799,16.86475914123481,43.560967258978465,20.66067163308849,40.19710537754364,17.746065884424464,42.23817614822623,15.948949658150521,48.670314961224484,18.9079063957171,42.16739800090776,22.171791131663156,46.61370611070414,21.45392770246681,41.9809763275974,17.986914869440717,40.93857284823356,9.281368963396691,731.2686983074728,49.67726721262118,2.4643229222372334,9.757149051809161,4.6642372479804495,0.9464198536947702,0.9236713895821418
2016-01-11 21:50:00,57.083062502067236,27.482621729419005,21.35919549786935,44.4844552197832,18.71524102995741,49.8651524879298,17.287832348182267,41.04108581984574,22.624897115993857,45.36974422893414,17.616183860237513,45.786754085723935,15.737172449941927,40.95714555520162,20.949396465759907,41.85195567867468,17.200727628770796,45.6533025457161,22.27975712225809,49.096268194365926,15.542798528882615,732.3384658588271,68.55810530026359,2.0214487362743454,9.974096469829755,10.958955477756932,0.8292642042407053,1.0037937835447601
2016-01-11 22:00:00,53.98293387770603,22.246682844669337,18.539266736565725,42.932107716980646,19.2405912634238,46.05774819356887,19.143132474438787,47.999160853731894,20.41550387091095,45.92939934841703,18.908827967289003,44.386154191895905,17.80758496022102,40.236385860463365,19.94994608250971,41.741093353340844,18.44936945150377,44.63932486688336,22.63423013467973,46.69200262938078,14.833850046777696,735.4289316246967,72.90139177536787,2.654688392060469,8.558614028730243,8.487460506976985,0.888347556005134,1.068332899281107
2016-01-11 22:10:00,78.52278184508938,30.342814874030136,20.43291717916395,43.28664545369916,20.0288776681175,42.37226791735994,18.044685106469768,41.78544662054334,17.875066448211463,45.80086207837811,19.486678898645383,47.252576604151365,18.986287230910442,46.41971500443266,21.635532598400573,40.983956497133974,19.86518166374618,49.72005329631537,19.76386294601784,48.292867993167555,13.959415713637302,730.4899157673544,72.15834030210081,2.9756583745284075,9.90571865895911,9.755431980695063,1.123581162000694,0.9790686180420638
2016-01-11 22:20:00,59.86502775262066,24.688481431369475,20.091143679807626,46.72518456077039,20.42322975617778,41.01782472620404,19.957959651492782,46.52746107851875,20.264815478111043,40.91486837397755,18.51752788428734,44.86668941424703,18.96407164635082,46.07094036088781,22.780415098034627,46.60302719701338,15.163268534133937,46.08527272696467,15.75629020198281,48.78978900282267,14.357312442805346,731.5402526975205,62.100038696315565,0.04961910563917815,7.847698897835518,11.043029450615009,0.9844101822063333,1.1072978047766011
2016-01-11 22:30:00,49.422890710440996,32.36796215317591,18.696799304788367,47.5237452943768,16.750715816324263,41.52859139184332,19.667324210573895,42.381827810467264,20.94510889925346,48.7746086263038,19.704110793028594,48.73423238081661,19.265762262705856,45.4669741271407,21.115620612703726,47.64372662221736,14.478382376038448,43.49506372086819,18.784356025811135,45.71772352048322,5.590754772511804,728.041757162891,60.80679569243004,2.3204757972675196,6.297708915880452,8.538314307659343,0.94517127035094,1.2363872494619361
2016-01-11 22:40:00,68.22544912103189,25.402878828830985,24.28788817865065,47.91579043725849,15.931771658528756,42.45957728384508,21.0750798885158,40.99441392759345,20.24361992443439,42.65600042588706,16.496921151619112,49.007018640112584,22.841133807175943,42.31947096115975,20.020705239686762,42.65046428325004,14.94868737085981,41.14095784887933,22.593989093122218,45.174463517550414,12.256375461295193,731.3456347062255,45.71503845357647,4.8174962044379415,7.184979428328104,7.972875762515164,1.0160018225852787,0.9214013967365018
2016-01-11 22:50:00,47.791563500289776,37.7496720250877,21.267838044636022,47.896181427945535,21.55535364379702,41.606813732595555,17.979967202290506,42.43172190999454,15.859550560219088,41.29514921282804,21.887529208146518,44.21720926873456,19.36060290454194,43.90905995905515,17.37632753529968,40.20944961030913,20.525168206854364,41.51246828734934,19.954263875402237,44.304274103209906,15.464224505705573,728.284038622513,71.01384601612543,2.5951614006477435,7.96780467689393,10.102457252464074,1.0501782736167544,0.8618955396846225
2016-01-11 23:00:00,62.08863595004755,26.083733538318814,15.949714826684787,40.9120610304869,19.66462802395918,41.865670240513055,18.460250129413257,47.22266931855659,17.545725648350263,48.88748079868977,18.835697643214864,42.76827797235052,17.267530094128055,45.94476335186173,17.869772673849255,40.821716674764275,16.89628370821511,42.25316929951235,18.00139553541018,43.16946587791119,15.799281959987002,733.1078594492802,50.856375217868575,3.387711337294766,5.365407810135075,6.738262183411592,1.1117398815902462,1.0303818595604877
2016-01-11 23:10:00,40.403298761202244,28.38969241897162,20.372908629538856,44.944203047025816,17.503026926886893,42.85095168693847,17.042472568435386,48.55696468106286,18.50496272889699,49.556514982297536,21.234591663176253,45.92350328593362,20.892261504865072,44.96766858859169,19.389550591290664,49.6786003484503,23.116398571336504,42.50966661340298,18.990450157543567,44.345959608587115,9.86162429537021,728.1519483197818,59.86781691271786,1.559319289584416,8.111716323086231,6.742524613344443,1.1448499229892926,1.0721562505126143
2016-01-11 23:20:00,46.71813951101569,34.06758608684835,18.676427070463223,40.57558760016644,22.102303951045045,41.73373595294755,18.111413479847776,48.30219864566992,18.851133141799906,48.621276172654504,19.68545069275541,49.123633456166914,21.568411466773924,49.87785520214887,18.780975595681433,42.9544477747742,16.871504802685223,48.50616057841138,21.681240053009105,47.73879655730156,21.328539204323505,731.885501969511,51.370963717100665,3.8699568907638127,9.905889183811473,12.03811984886951,0.9640231354210914,0.9769133626155231
2016-01-11 23:30:00,61.96861235869123,23.845678417830225,21.704866669592448,45.49528882323735,19.231349268585717,48.96765424626425,19.754600986089706,43.97183529618455,20.241344195101355,48.095160747248784,19.913506438307568,42.106621890056665,14.317176554589022,41.364397525567334,19.626057394029107,47.69223147838134,18.369102606394073,45.61222788282525,21.093467136402758,46.01923431015132,10.669125758927496,729.8536859315751,45.35313451998773,3.8646074093805756,5.9505382489186385,6.553617894524032,0.8673952313917962,1.1453260663321034
2016-01-11 23:40:00,67.3846657999541,31.137299673020646,18.414958523134597,44.41530501373377,21.358594368127655,40.80233745661642,20.513977233290703,46.68085136570646,19.35540200186651,46.55241980639022,20.13953456046441,46.229665835634826,19.792200209549573,46.95144554047594,20.113299849794213,46.24663568854264,21.08421990513575,45.233909113743664,19.52213580166061,48.92523289954846,19.847286002633684,735.6302512538608,65.18230787566947,2.6064802382706946,8.962975581441917,11.998937502727635,0.9586534838876724,0.8661394200276751
2016-01-11 23:50:00,61.7136828118997,36.53571377141214,19.7705271170662,48.877041827583,19.13503696282022,45.245113895702545,17.15566935164475,42.04984295415821,16.3293112825798,45.5085737060914,19.89541712003463,46.315602200925206,20.103518226932696,44.04318768104292,21.05938550871346,43.81939639652896,22.012185776318248,41.14768871869217,19.266351176370623,44.43380014379188,17.135971809358423,729.7430313820576,42.17328139291615,4.880069116396068,9.539493968898096,11.387773878561854,1.0260280506582886,1.069291862303161
2016-01-12 00:00:00,58.843517176117594,21.96258382719386,21.009974557960913,43.50915012552079,23.121495849763974,44.10396826989661,20.739211840211322,42.93147730261013,19.760395702011927,40.8698675991141,20.285445519735088,47.33113022415281,17.107309489920024,44.281996149256145,19.859002443881817,42.05687262195555,22.123007153272795,48.60139693349435,19.216483701912356,46.07089578718754,11.768863450780984,721.1348376589656,69.945809365048,0.6277510738132669,9.718507964101104,4.822579813628209,0.903624107378939,0.9394139179241107
2016-01-12 00:10:00,56.98896304410711,30.92316929266152,21.731510388340244,41.17067016427606,22.510681684886407,49.82378616908606,21.7112757176099,48.9633581852112,20.221171490567645,44.08453213070699,21.658305060264862,41.3156768512726,22.127120439934856,47.175977656581765,20.973003287652404,41.21386418159406,20.416732461186285,47.22814303208484,18.155179631002994,46.31307553091989,23.87655446304756,736.30960750357,52.70347181044467,0.08473832444790497,9.800678022027236,7.967306042993035,0.9042849085104957,1.1719377906207296
2016-01-12 00:20:00,45.214780096325725,31.299413971242117,17.59940718588845,41.42991682052836,18.502071703041853,41.12038902168052,19.8268698064474,40.13001923510736,20.11958089586208,43.72688517012314,19.39304233940294,47.158249646820884,17.54983323890242,46.924361513243696,20.128948829620242,46.150129680388666,20.048125051622925,40.676683619000016,23.230751378938884,45.916971623063255,9.0318158412176,725.471338495687,40.005387720179414,3.8507910587854797,7.60729819360736,13.582328209142117,1.0343787881549886,1.1992515353168118
2016-01-12 00:30:00,52.801557916052914,33.909114358886555,19.330997528318104,47.61510631717472,20.94314190190871,43.978555990457416,22.753591625116133,40.85508530854468,21.161561451109243,42.59753783760326,20.418007515177024,49.09032520665641,18.376729360414625,49.91255993702188,16.049066867292257,47.74633780637788,19.185053898402366,47.078350972297685,19.35535906157732,47.02633773085516,19.595770868050007,726.7311683067559,60.44516556948919,4.035777686824413,9.886539539957518,7.056503406580955,0.9951347648429549,0.9233343412216652
2016-01-12 00:40:00,55.393612290402125,23.81524644560959,19.050109377678087,46.18218063316261,20.290751899170296,49.69470433275369,17.452421601792853,42.078862551460276,20.66784430909781,47.23420113688585,18.820528611425548,41.79683108870242,17.48078452714839,41.283942894541255,18.12132921236249,46.4390425354113,19.556722152333275,45.43538217342646,22.434317041650992,42.37433468374806,20.002911590214893,727.0216935297825,41.87407634110413,0.6010361456028812,8.786551035672193,8.606787213071836,1.0032796995411586,0.945044286409142
2016-01-12 00:50:00,70.57122226218915,23.397716934578618,18.693341534852575,41.0112267612279,21.737263115064696,48.6550712589398,16.510690593377166,40.2653220387382,19.918360158456874,44.95875735078771,21.880234430898945,42.375433249238775,18.0467371427444,41.041096493841664,19.71182488855677,45.30302133249158,16.897628567342935,40.817253457467785,23.042632103844902,45.12363777545791,11.646898954616775,736.872190465854,51.04678231283598,1.3279141647930304,5.808357181184809,11.38618267975569,0.9241504665299931,1.0859587886979802
2016-01-12 01:00:00,63.43618289568462,32.60970782808449,23.530908480562193,40.841068061149976,17.07015307883979,48.1707207094928,15.442559502191443,41.81435435089797,18.859668577082704,40.81046215907648,17.64721539588146,49.713950940416396,14.711174739314394,47.243388171287414,17.580610514317783,40.419512234316365,16.363602233155387,44.58300641528656,21.99662179629592,41.04224802808348,21.962326500321645,719.3216289301065,68.27905949822865,0.08776181683314455,7.38450053233985,12.350171527847786,0.9769599285794233,0.9612869350210486
2016-01-12 01:10:00,42.36959844637266,31.48492336616593,20.80996342192191,47.0096913145912,20.372102919996877,42.5790282704494,21.992088622978365,45.83041560969692,15.678078132968018,42.20183201949811,22.60188086582163,41.8097695270949,13.679847352217116,45.783869170064094,21.19985745999241,49.684887775943835,17.993251085178095,44.84696287130047,19.136759374563905,43.845113276448124,13.749767427005237,745.6887426682999,42.50758486487464,1.4665430539028235,8.59165587686002,9.245383341866512,0.9075766855731695,0.9954588782067761
2016-01-12 01:20:00,63.24083969394795,31.252464251729382,17.47823209132991,40.72763006364193,21.116848973699177,41.70887587390066,20.308731312708115,44.21424550592498,19.85923643826517,46.83258763659596,18.919684098711315,48.54385093369579,22.783515189674915,42.741606665598056,23.061501664687395,47.987141916545745,17.659630754950143,41.65774540163276,20.807460180673218,44.87667068621264,16.443468146399287,735.2802840453303,73.5735396942401,3.8657093695933575,6.236701579095417,8.207469415925075,1.0890198411124787,1.002538842054241
2016-01-12 01:30:00,56.149177195836835,31.732241047484877,21.835723894109552,48.21860059290356,15.482521027153771,46.68643219924431,18.88883065817909,48.92671711076975,19.41537537432622,40.761308594903,16.138449795763904,44.922778564480346,15.459115955045016,40.794193689889866,22.437523703394632,42.928220367009644,17.09354390134545,49.45698147000282,19.951608787218166,46.52224259545473,16.301609193856102,731.1161945706458,40.152796906343326,2.5898026385628947,8.203075917744437,14.267109585095522,1.1035249334723753,0.8080326843802343
2016-01-12 01:40:00,53.23077999694041,26.599876392107547,24.244312394025265,47.06242227156496,16.63348297466845,49.293759891275855,19.559937252639642,48.17443561738441,19.54315767439075,48.51206914048769,19.256208829821578,42.47231074403177,15.025822951631078,40.856582495964304,19.573114258139583,49.79970329358851,19.39277489491343,48.499753714806616,18.192596278539742,49.505310525862036,14.32845629264726,729.7255299969186,49.87295476807609,1.7404779658414404,8.333002395233096,15.216698991392736,0.8153812137761907,0.9986162253905763
2016-01-12 01:50:00,66.11676288840867,31.161268485805017,22.064930521102294,40.813487806419,14.9215356444798,45.5676289301393,16.749021905403247,43.41817351697876,16.44650284835938,44.95146527013974,17.637896685050237,48.707499012725116,11.539829659188856,48.94190874664118,22.981452273699905,46.01881589636322,19.910610417141022,46.69022337329108,20.648718563443207,46.00651066548356,19.05404136579891,731.4277703742882,69.63616224608286,1.8586964745316514,5.81349871904283,12.936574152345386,0.9070489139807589,0.9310272225935826
2016-01-12 02:00:00,70.30999522495951,31.465362366493405,16.961260068091974,40.848377140851916,18.461186331110884,45.716126894699,23.891503959233653,42.59423433431292,16.837886919183475,44.80586577326648,20.68128709797745,44.453052550026655,16.083114756931494,41.91867324718743,20.297334914404225,45.82422658207246,18.176813772583696,44.62295561000607,17.641920417680396,47.435939161765596,18.967443602761065,732.6056121418967,52.65080598917227,0.006768128577340771,7.8254265622637815,10.255954427695071,0.8503470744909921,0.9506877177600228
2016-01-12 02:10:00,69.31280119116198,26.42824290986816,19.0315318542675,49.866395785011754,20.435084511591924,42.79979093660284,19.258442363950454,43.79692408167267,21.106305706665808,45.924077846595175,17.69475204139522,45.148173539296906,14.030730619777504,43.233715621155206,19.32582805776392,47.48073179429532,20.955060162110524,44.117655415845086,22.37535877692313,45.06266059495203,6.257340133809096,733.2260779297503,44.075695522640544,1.4990026378261794,8.858134554893038,7.575202835077221,0.9349976065593102,1.1443632003468813
2016-01-12 02:20:00,51.607824767773614,39.328872555723784,22.533822298373245,43.7427079575612,22.004714104192058,47.69492933191937,19.218789589209784,45.90294942514808,18.92088969228669,48.24680965925149,18.10763313357044,43.59233369399766,22.92604548040911,42.26656402226988,18.77319467291812,48.117697880901375,15.71662177173299,46.50973467150954,19.070765405403215,46.341040313763315,21.521701214390763,732.7780223300173,54.40935675201712,3.2322937081896526,7.49447832267971,7.508666780330304,0.9916562030209639,0.8743493105720743
2016-01-12 02:30:00,56.907876241487855,32.36916460455894,18.58466106876244,43.70642147066891,19.14818956083955,41.87043748557523,20.451533247797386,42.680636408228764,20.36300139474525,43.478092079021934,15.220918538108938,45.92950851434927,21.029451268027902,43.54996305831937,19.395060627023742,46.56478607331503,17.612681081440563,45.45431869406905,20.40231931174568,40.70932216133773,6.687540059821629,730.4479034062763,50.81573145538102,4.870972219081786,5.060515583880537,11.567542315797272,0.855035478030147,1.0813205186747976
2016-01-12 02:40:00,63.31263431403564,24.043482513986756,20.887638856292458,48.127995672575025,22.257231091142582,43.23679236404244,19.962018463473427,46.24148907849134,19.05663675226092,46.780161525590636,18.095387361501846,41.63523872585023,15.935548964466829,40.69423842746093,19.223646362917542,41.280957463662,16.56635535879439,40.62273105881886,20.566575743092283,42.54391580841847,20.162731021708286,729.0133078984634,73.7084760864222,4.235304134919497,5.045192345396461,11.255194662666051,0.9078140186874687,0.9721037069668191
2016-01-12 02:50:00,69.75545127122359,33.28276804316915,21.549268106858673,49.472485773838585,16.239797083570217,44.25436438616417,19.447768048558263,44.094116521912404,19.05951227899149,45.65731963995791,14.152241346742088,43.91081536651761,24.757307416032926,45.190597909082705,20.340832444750976,43.38267505994499,14.26692676585388,45.125026487703316,19.482190052591847,43.618530932051385,20.633525684137915,729.2436335817324,52.53391670340572,0.11797482322764563,6.7851467198500615,14.204795778839287,0.8996042627918501,0.9720239831504166
2016-01-12 03:00:00,55.2082576215471,25.126591648863393,18.146139056843833,49.86001063822871,15.593235121289691,45.07610378684455,17.419051089109377,45.5204718085198,20.876567611951995,42.67028270169421,15.832194353028553,49.694123223352875,20.94529646097478,40.67612563592215,20.32114796209973,49.280836403260494,17.8346386283146,48.06403617232839,21.173387602950548,44.72493355006514,9.54516784892401,729.0254585982366,71.55729887104029,4.492803023374197,9.63097034215891,11.951350277608418,1.0207267329398944,1.0790371896051711
2016-01-12 03:10:00,58.14341023336183,33.93542301871226,19.8809492878764,47.533781852589414,18.88890460220676,42.4240973241508,19.94293671427199,44.36126529135316,17.967910543565253,48.78629986355158,20.520829312288594,42.58133432701128,17.025505849474133,48.003565078223616,20.00609204030683,42.24615611843852,17.756504983233434,44.59239877596958,19.05019268675495,40.45648745502384,12.945928560227076,735.6688504843353,75.6748857924294,3.91599206649313,6.143383898018044,5.490759094720546,1.006934433703625,1.034005129456889
2016-01-12 03:20:00,48.93665025993972,35.79297789503702,13.517465319861856,43.76259585530916,19.768130897878613,41.148368247392035,22.764048992950066,42.94465759541917,19.192241553881967,47.97426021606928,20.571600317301666,46.567366645412925,10.50178285537928,42.33712081910433,20.8738763394927,43.72167023837513,21.02689948648426,40.51956577554268,21.74259459491449,41.40024097553318,9.47147665757032,732.9677836114043,57.35269678306118,3.901880617854902,8.171818444358436,13.155842853168757,0.9278262446662746,1.057061299721953
2016-01-12 03:30:00,48.037933759193294,25.89658840824145,17.95122471733142,40.835007166986685,18.934610503811815,46.10620042441633,21.690840092309955,49.48453306962156,18.075449422589916,46.584518346584254,19.85091512356993,43.25190064224695,24.872827717772225,45.40011914604511,22.381292549572684,44.32076882944196,19.261623369109554,47.86278199384033,17.3080406395065,42.76814307791306,13.925394848556323,715.2980568266786,76.39772575417568,2.2899787950178574,6.110379353466603,7.005818118056761,1.0176820872139398,1.096818466053286
2016-01-12 03:40:00,68.12525822394198,34.816880646221605,19.49486369721368,47.77146915927437,14.865115799920247,42.88630553240256,22.186373253278795,47.636057941597606,18.13100754513537,48.50581729094242,17.066047713741575,47.734731256866006,13.831282599709212,48.80079087561458,21.899108270882646,44.39404989694452,15.95162635134159,42.013637821359744,20.252759159092825,49.71532690901051,13.459828579071294,733.2795038826488,55.092722158527714,1.990026464772514,6.608349948297743,8.848086184142945,0.9453319915412735,0.9668691616816677
2016-01-12 03:50:00,73.56240028570824,32.063904634682494,17.504433636070303,45.58404249735805,18.821759920974422,45.81238221422612,17.97756864713763,41.40113175766452,18.38165575306272,48.672942009598025,18.90457728771604,41.3087366071835,13.063803759129325,46.50877369047194,17.030204063100193,46.129395824945256,21.708185132668376,42.58620834888039,23.877857998116568,43.31347007103051,18.898302661346698,730.9736809735939,78.56313665960433,1.514578644165963,9.24021044800742,10.750600618755083,0.9728344889673947,0.9387763265492249
2016-01-12 04:00:00,59.27989878419666,34.11030079997245,23.26482260786327,44.242220092469765,16.391060998990294,41.543627152742026,17.020790359482838,48.68467975897913,19.444267543267426,47.08362976715035,18.992794921818863,49.698210450785446,21.06771129602892,45.32957786551335,14.89215773019609,49.43075837744708,20.442067391050706,41.64706353432296,17.99933735078885,44.820410581120825,21.55154373059804,729.9064562177705,43.57158098102292,0.3284742947718289,8.644307211349734,15.987002469351893,1.1673452090298537,0.8914849473442201
2016-01-12 04:10:00,70.03532897892023,39.48396491326974,17.139717244078735,49.06354385094736,20.339345097660075,44.811401018548175,18.748426159800704,44.874311982495136,18.042502756673045,48.37013328363672,16.683270621614916,44.537895413836395,25.319257219017818,43.243337531153756,21.86863982247855,42.40692711832505,19.164195406937232,43.30215064871498,18.644510058950296,41.96097712738393,21.97841905394978,728.0574077345556,67.4807706601297,1.1411768174684955,5.476996386566054,19.329755668016084,1.1340461051790347,0.9174589470021045
2016-01-12 04:20:00,63.61636025047634,28.773059419985646,19.119911026606033,41.111974823061516,19.733196492193695,45.32589432551586,19.111449824577388,48.94552226894091,21.511512251147042,46.974714616692836,22.0067966035343,42.36050463346464,22.152818455531555,43.33001913058198,17.266242603169157,41.21501376300918,17.547031802300335,47.56751505688635,21.02781569931783,46.10780071075769,12.18915986710849,735.62056359993,59.75256161827715,1.2330181748901232,7.143510104932168,11.820169177408548,0.8700418763072402,1.2949094425308725
2016-01-12 04:30:00,53.54880245394876,26.23131917821255,20.261481154572184,44.92625104290859,17.12024042734529,40.51823536822427,21.188383036941897,47.998552559473154,17.210785395560993,46.801407717603006,20.754724581151343,40.734967473300124,19.691727360157078,46.6948695519819,19.55046919621463,41.97470489859937,16.08112152655304,45.19385859503937,20.359163563879196,42.80683215515974,13.95389063127736,734.7376323106143,55.505952218225886,2.420385348551008,5.145848818226322,9.450410143838836,1.0829732417879174,1.1244679580736787
2016-01-12 04:40:00,63.61395605508414,25.552427851872384,22.88254657813223,40.11353644767419,17.972266165326612,43.36604278193921,15.615070740570362,44.25213504469234,18.626256711677282,46.18611378215184,18.558071652340672,41.697579050875405,19.78426302499586,49.94139361221168,17.65977394788128,48.869249002092694,17.255586447857894,42.04881274150713,20.701260198547118,42.06992578438427,6.582809038895249,726.135611660882,65.30847514994403,3.7372220329834698,7.404450733015045,11.603516945441651,1.0811396554491592,0.8648925633791978
2016-01-12 04:50:00,75.38036566465969,25.920948575172808,17.128275697641122,44.68660641994126,16.881572956222097,41.344146769389745,22.059100638921226,40.224693083201174,18.12053788345165,47.527166395576415,19.05377167798906,45.19773948556018,20.560246676340924,46.61839189849378,16.39603912483996,46.45810812655206,20.17749723940837,48.77830078152041,20.978374260295325,45.165726284459794,10.970649667519055,732.0352614356227,68.15428366537324,2.3690491419897333,8.312170058505341,12.662966277621507,0.8851736711247382,0.867754204325643
2016-01-12 05:00:00,59.64173960890049,29.614491452929478,22.32632750430992,40.56303275681837,18.874641805453656,40.63374970472768,18.683984202842023,42.68677359384946,21.893955768707464,41.586051052930735,19.416765615895105,43.37003176431286,20.276785769360295,45.577834173700246,21.082925456409576,42.8590678923916,21.76917261186922,48.79581854951529,21.26944293712354,40.05505799160421,19.824258165487286,725.1417163272936,40.17453078601236,0.28922224723580303,5.592513117990758,9.037997123328426,1.081877764375486,1.0481866061718492
2016-01-12 05:10:00,75.64643655814007,31.70575987408322,20.020466122039174,41.18817916268072,20.910284641002477,49.89960232389945,18.14623786010516,45.41634214660867,19.393109553023148,48.80870759198928,14.916530263151419,48.28883365882609,18.84357427190813,47.306505102392464,21.518310320605295,48.15946938968617,21.086487056544378,48.70578425046007,22.219399683912446,40.07664032649225,23.07791411774116,723.1019091760553,46.67812354988795,4.78894900494102,6.444424694545829,15.385634067736966,1.1537931918412552,1.0547264797377967
2016-01-12 05:20:00,33.80254895910255,31.383453996650097,18.036982697904097,41.17526246777105,17.028547907328914,43.22353844974723,16.975791249479666,46.33478219826147,21.06368907893727,48.71843527745232,18.505645234958806,44.30887523661806,18.31260331185563,44.65205612283718,18.84697919854656,48.61369996363436,17.022301156427453,42.38796211381539,20.819637313857026,42.19068809101858,8.82825564060039,726.8664138770501,68.52184202537275,4.713621595470562,6.989183127510785,10.690212277574206,0.8877455193755586,1.0548883835317364
2016-01-12 05:30:00,68.21902504375224,34.13591624518012,20.924206948526543,46.49210302116064,20.00809303103569,48.09874445854635,15.690286656268462,42.57887685433202,16.028879253926057,40.29247283034559,17.636031504004404,42.487142725876296,17.81222061630143,40.601423426007855,14.81791541571018,48.46514338690278,15.760765133421977,44.51239344180988,19.517484690762917,40.36721362500821,12.037678704235528,734.3119673619138,66.65541654312825,3.925947715742042,9.597655123280248,11.493229267274183,0.9082497178985737,0.9745044206446302
2016-01-12 05:40:00,60.870470682381715,30.065009459389536,20.398119391146942,47.46044879265423,17.93948476325512,42.54640654763764,20.64634116792383,41.39356074072824,19.534100531738517,48.25816750564763,16.996759980210168,46.1714498660403,15.738106233399972,45.6229681587791,18.907511103495036,49.18926533639554,18.28177249382241,49.849896561408755,21.345147402405463,41.08025754130691,14.867971215205365,734.7656252268804,78.6419002051471,4.9566395078211025,9.966275077114819,11.997772756163384,1.1017661466843502,0.9874545739997099
2016-01-12 05:50:00,57.009926495341325,37.26767038578659,18.79956624568241,45.8336876509716,17.414254335475313,46.815027222239294,19.146635934376807,48.34930236799299,20.779261591246875,41.288698674734455,18.437799414228092,47.06777216885446,17.15797476939968,49.5762528450538,20.783608010805093,42.522410201733614,14.463121268874296,47.7201247630999,23.799763869790432,43.38860649338751,16.400805794098034,732.5654271004864,70.44151161003131,2.7224116640013145,5.22455649497808,11.264759831843367,1.027149531082565,1.0327879524159358
2016-01-12 06:00:00,60.91760776535502,28.67671583381022,20.13960416998004,49.62172548474542,18.785939280090883,47.602278598896866,16.420078200517892,49.84402180703552,19.16456797855085,43.351188542591416,22.595373053699046,41.6704190790095,12.921129557413844,41.7530294235766,17.042176862451743,47.55041928746278,18.646335428369564,40.2716742122556,19.734732507234853,48.02585679579813,10.95198240039177,733.6254789342399,78.03090830925352,4.813841751266031,8.805039617476961,12.516821501408836,1.0551476275239524,1.008589300629333
2016-01-12 06:10:00,40.124310853991076,43.600845832948096,19.22937280627648,43.74870579523704,16.92951535516125,45.95638740607844,16.409842455872766,45.25690182302686,21.130960750130704,47.43508256291608,20.28168572253402,41.676192162883176,17.704981119615752,46.90004890820666,20.36671983955831,44.6053949727414,17.70479482740266,40.65204591260492,18.050941390658718,45.72048643369301,17.120305222320447,732.5808914355748,68.10162006139228,0.37802520308375387,6.858620332011716,8.148240440359231,1.0340589216400498,0.7780699627252465
2016-01-12 06:20:00,57.80328112162488,33.128336738825034,20.227034690502496,42.857120862818604,17.892701389305635,44.715761885501585,18.328430601419743,41.71679285848303,17.965423099799256,41.60759896048308,17.857642020434405,40.36671426933543,15.034226678547247,42.00933688659057,19.96938030165401,48.41998552890061,17.067926996263516,44.63931376812333,22.214161338573945,45.12667725956416,12.630803264645419,726.7925920238853,51.92208834557773,1.8284037413068566,6.9622909311474,8.325094738161908,1.0390695920928144,0.9770200369424806
2016-01-12 06:30:00,63.57112571511746,25.714212217918586,21.324261349042093,48.6859912818946,16.6042442148223,44.11840914147268,22.338043050578786,42.72307326519369,21.81869488037116,48.17967024119062,20.145165562712318,47.3640201506564,14.689232048352688,45.35827684473081,21.158582999202178,47.284906771616136,14.810593865466409,49.0922020586156,19.759237672092805,42.934888232081214,14.927738645608605,732.1596127233697,44.21459689003426,1.126906340033829,8.771324866735114,6.6995373010849155,0.8673527871688917,0.9148593565739687
2016-01-12 06:40:00,74.77894044741517,24.64553750969444,23.172033632290706,42.23595838519453,22.929450265832777,43.488682665429955,18.48081729727279,40.18390676547467,23.5977962472385,48.32134177957742,21.798710873172006,46.63804527621805,18.539682453460436,40.9667644964672,20.239160736828307,47.76447446499725,19.027200213139434,45.387017979527144,15.654660907971927,49.31753719432817,17.7314212400185,734.0020476261384,71.27295453379742,0.9791654206713502,9.592132160727044,11.318503691860679,1.104731770662145,1.0175211418908512
2016-01-12 06:50:00,54.81729781726352,32.41236207621593,17.5243690023463,49.63222539440611,19.07052710394346,49.29529144247826,15.993714093763788,49.14298806560499,18.27432287912068,45.074677337608364,20.849267365825536,44.74630875749814,22.176006859033798,44.50370936258185,18.05386211823689,46.56161837681071,16.934598320676177,44.978125080342906,21.694843354300843,43.970150412371915,15.03211134905469,733.7714566490679,65.76596885903663,0.7040147444633804,9.754642972512741,12.336809510536343,1.1169589992427773,1.298525900260341
2016-01-12 07:00:00,51.91506397106812,28.882686073370746,24.266066749312532,40.12154474689817,17.60054898401483,48.306194077877294,18.50851387182811,41.17751082890141,18.108994957198455,40.06385871716834,19.11926073984035,48.44170448969197,20.75494981800694,47.561633288952464,22.393143003328984,41.774287694697065,15.660166328579423,41.05473699956631,18.929343628092155,40.870927667957716,12.818070547367157,735.9445668573732,41.92744049573185,3.1120682078299833,7.885612930191604,11.373318598455658,0.9770609255931972,1.0367481665474305
2016-01-12 07:10:00,54.982429564154636,33.57000247046046,16.095824400954996,49.69878826707639,19.427959821468445,49.65026910666513,18.45455286050466,45.765164755142536,21.906768954235403,42.87038133174913,17.706126444588854,48.05670152950053,13.288498189130468,43.47571524238982,19.68294085394606,45.450269188969386,12.255475573436701,46.56780104724294,19.818933435391678,46.170665161178015,14.451950980370846,733.5415192360053,54.40201863603913,3.9066092787365254,6.785605796502514,15.023477300042611,0.9956523050186138,0.9686470313827602
2016-01-12 07:20:00,69.15402117702074,32.366188122867726,19.696429809928834,40.43159911950576,18.775343900618342,41.24297223485545,13.606226714116858,42.74055220687206,22.159144291461423,46.16926918375742,20.39644662722718,45.85354364396752,15.031115590288987,46.64911724487218,19.945390920980135,49.84669739524508,17.944970189898726,48.221031606002256,20.663960661138027,41.13838393476601,14.558185203973323,731.7572410377079,78.27199261937145,2.891491997101803,8.937745429293896,9.98321194351286,0.8468892497444278,1.0921801501977253
2016-01-12 07:30:00,63.287511096596845,29.635855436715637,21.176634412969154,48.91143113698071,18.558060800933553,47.308674752036445,18.891410266964375,45.541780025157934,17.954279945693465,49.811861780274235,19.7869707708435,48.68271280513259,20.82231356396465,47.95449960789729,18.133464081853607,49.37388066497119,21.544503193339487,43.80420007507562,20.380999359558132,43.45223142801692,13.149944850589362,735.3507511915822,60.01604582840805,0.7348135479410484,6.255006916311501,12.006224966777538,1.0514254756017836,1.0482687887209212
2016-01-12 07:40:00,54.70239796232961,25.766031409657977,20.561983735470065,45.277011090863,20.22833340008685,49.38340456821038,18.538130939582643,46.51420388351864,18.159626365808286,46.318135270166685,20.790386440055464,42.05841210036768,15.052537819385071,49.27177819479453,19.11343549761698,40.431737357970114,21.32251842909574,47.75611850925328,21.418903634278077,45.07411938717809,13.706019686664488,729.8673937037547,57.309165440788185,4.055618849667354,7.820370144167589,6.724897371582057,1.0572057441714144,1.042009449045184
2016-01-12 07:50:00,65.13267433113356,22.425763876570677,18.75460096035881,49.929647961193005,20.51501542009461,41.8123306616566,20.392412729626837,48.29741803707202,18.436430782278986,42.5980358106416,20.27034360336394,41.11919619397728,17.326100550008928,42.346420818554535,18.2303945719462,41.64814815729437,17.085807486827456,49.64476653900812,19.12902725886031,48.74222524685176,22.993235852523583,725.5906267438614,58.307984206371756,3.1797735358186423,6.792892307624365,8.838700892576798,0.9937808983000689,1.060685059321567
2016-01-12 08:00:00,60.9707754934804,27.767425239664895,19.58375549928545,40.73796564735399,17.938997704778945,40.66496267366777,22.69791218989069,42.06421271760603,16.311098977931447,46.340057030996114,21.09910543063867,42.6974961151699,19.650156297073657,43.99315915809308,19.654107880153155,41.317287734545616,16.795575879276438,42.037664591276894,21.026211596352166,44.935465803401186,17.804597239706194,729.1846651802812,48.35530896020655,1.9408285306349775,8.283155368539381,12.086613272697333,1.1124353359870502,1.2056543564829543
2016-01-12 08:10:00,69.68644990532889,34.28199397161736,19.013998130682335,45.53854284401321,17.84836351871064,47.41120649290059,21.253130059095515,40.109958286584806,17.162696107031604,45.399853797158556,17.929529576878863,40.570868560893146,15.094966635409094,41.52416013330417,23.423416960284687,47.259799099852955,18.937548512150048,45.23329631194741,19.480906644832167,47.022587660316645,13.522598409854199,726.2754867759678,54.74828683459181,3.370651477680315,6.201994564467535,12.547306332229432,0.966592276902006,0.8869111564674084
2016-01-12 08:20:00,52.979469061226474,31.07046872065102,18.821270486111576,49.69302535619099,18.44989660569671,45.74473113179912,18.46222261889034,41.36885630068807,16.991718466495865,47.79845395151143,21.63478813126865,45.31169528001032,18.31612651843788,49.92483502158375,17.256197714137286,48.17785329856945,16.003229121623416,42.871379580845755,21.477620961775006,49.9281683899907,18.484772022553678,726.6241086251281,54.792530239487064,1.2995248962141641,5.957964728674129,9.118099157007453,1.05646059258936,1.0473632076811454
2016-01-12 08:30:00,56.723378534022316,23.771306106440058,21.69920419404205,45.23097844170149,14.39615767052883,48.41828776758272,16.78694818251666,49.00018641848105,17.464404869791743,41.06980638826958,19.3951992093848,49.36605692294961,13.997923515245386,49.27000967924295,16.77287720424652,42.13511366310672,18.603583799638933,47.92854419033839,21.230734968026105,41.314891198979815,13.33090255121995,729.2774066464224,42.09420080749889,1.7259610424710525,9.591195433377186,9.785202244425799,0.8980335661307884,0.9073618870018462
2016-01-12 08:40:00,56.078918468678424,30.86590462925591,20.714030971930093,46.293986381352624,15.969617875602896,41.39772376626289,24.146719606499722,48.738900775625154,18.930630225226437,47.61027902502028,23.15052174525053,40.3934354066851,16.19589706814636,45.3995713028056,22.942340654987216,45.058526929518294,19.53216055676938,45.775933658811574,18.129122595910808,42.7473152551952,20.865623187933206,726.0379003950002,70.70270514071673,4.587429215659951,5.509018414747684,5.446378759957572,0.9976447849125762,1.0555512646342249
2016-01-12 08:50:00,45.364850518678814,31.926586898644185,18.614180809478693,46.95748688984617,21.73374853488905,47.9526731185989,19.118436868028976,45.97413102170308,19.46842946507304,45.4126657867611,17.621624363820864,41.221099140100264,18.95934580242761,48.42033294376421,19.581352645696267,48.407030280112,20.453866447768615,46.34582417550304,22.171964232350064,43.945760755976465,16.84821096099047,728.4601923518048,56.66017727615516,1.452522528357102,7.529789538674658,8.928912397580172,0.9825645742097164,0.9081313488513906
2016-01-12 09:00:00,62.96120277064576,25.580712818994336,21.799199750866503,44.545410647677734,22.28993542700257,42.01627320047744,19.027858583825893,46.00516860433653,22.101000985628154,49.629920038589944,22.4719276063305,44.52199028283435,13.221018799404991,45.209579772720424,18.661854522680166,47.32801544766251,17.799691847040094,47.97914159615894,18.928073109771905,44.218281785388314,14.463489279978855,720.531926665231,72.88719547265694,2.349941340789683,6.104263914815045,12.671149490559358,1.0225307922040943,0.9582633186394915
2016-01-12 09:10:00,62.610552721798896,30.76862552972764,20.61459904175322,46.275580800840636,18.501927920887244,41.636559428657044,18.951749825779995,46.650366745462556,17.003291918522418,43.41872166038686,19.395821566925296,49.338750175279046,19.321424213881198,46.2358568800276,22.079809374792152,45.42237205491848,17.592652499646068,43.95970472662455,21.61611559656229,44.110210752655455,17.238584629051388,731.0664685368647,74.01392004479581,4.450705686980073,5.1946498166283375,11.7256150483197,0.9630473071166641,0.9704910085762094
2016-01-12 09:20:00,60.05113456642461,30.29104359223,21.62572423767792,45.843143119231,20.153113926111534,41.64265797930993,19.39616952153571,41.753712786234495,20.968644796953168,46.32621893133948,17.697163992771102,43.161561049767506,17.941086603219958,40.891244321160165,18.788768920526273,45.90347690458773,16.244034826486878,49.150900684070436,20.734574626802683,49.07611002556555,7.145619239657504,730.0060273768112,48.47976218794632,3.538606751337637,5.180094091457132,11.50199716414363,0.9868527404328332,1.0975816719344709
2016-01-12 09:30:00,57.65412866624853,24.285148510846884,21.259257683847224,49.01158010490989,19.622500309087073,48.14574720231382,18.711279176152114,49.144119459249595,18.57202231154898,49.320281055100175,18.032228331891357,45.07234808688392,19.657469863251443,47.55270420496808,23.652019427093872,45.0836054691628,16.34623929192028,45.3302886724614,23.676367353590244,47.14032644466857,9.366162655450974,725.914556844659,66.29413928680515,0.31101613082351376,5.876108860529136,10.14932106154288,1.0826047171441506,1.0918454443942414
